従業員コード,日付,出勤,退勤
202500256,20261001,当日16:30,当日21:30
202500448,20261001,当日16:30,当日21:30
202500236,20261002,当日17:00,当日21:30
202500290,20261002,当日16:30,当日21:30
202500236,20261003,当日13:00,当日19:30
202500256,20261003,当日08:00,当日17:00
202500292,20261003,当日08:00,当日13:00
202500238,20261005,当日17:30,当日21:30
202500256,20261005,当日16:30,当日21:30
202500290,20261005,当日16:30,当日21:30
202500236,20261006,当日16:30,当日21:30
202500236,20261007,当日16:30,当日21:30
202500238,20261007,当日17:30,当日21:30
202500290,20261007,当日16:30,当日21:30
202500256,20261008,当日16:30,当日21:30
202500433,20261008,当日17:30,当日21:30
202500448,20261008,当日16:30,当日21:30
202500290,20261009,当日16:30,当日21:30
202500292,20261009,当日16:30,当日21:30
202500256,20261010,当日08:00,当日17:00
202500292,20261010,当日08:00,当日17:00
202500171,20261011,当日08:00,当日17:00
202500291,20261011,当日08:00,当日17:00
202500407,20261011,当日08:00,当日17:00
202500256,20261012,当日16:30,当日21:30
202500292,20261012,当日16:30,当日21:30
202500293,20261012,当日16:30,当日21:30
202500236,20261013,当日16:30,当日21:30
202500236,20261014,当日16:30,当日21:30
202500290,20261014,当日16:30,当日21:30
202500292,20261014,当日16:30,当日21:30
202500256,20261015,当日16:30,当日21:30
202500433,20261015,当日17:30,当日21:30
202500448,20261015,当日16:30,当日21:30
202500236,20261016,当日17:00,当日21:30
202500290,20261016,当日16:30,当日21:30
202500236,20261017,当日10:30,当日19:30
202500292,20261017,当日08:00,当日17:00
202500407,20261017,当日08:00,当日12:00
202500171,20261018,当日08:00,当日17:00
202500291,20261018,当日08:00,当日17:00
202500407,20261018,当日08:00,当日17:00
202500238,20261019,当日17:30,当日21:30
202500256,20261019,当日16:30,当日21:30
202500290,20261019,当日16:30,当日21:30
202500292,20261020,当日16:30,当日21:30
202500236,20261021,当日16:30,当日21:30
202500238,20261021,当日17:30,当日21:30
202500290,20261021,当日16:30,当日21:30
202500256,20261022,当日16:30,当日21:30
202500433,20261022,当日17:30,当日21:30
202500236,20261023,当日17:00,当日21:30
202500290,20261023,当日16:30,当日21:30
202500407,20261024,当日08:00,当日12:00
202500256,20261025,当日09:00,当日18:00
202500291,20261025,当日09:00,当日18:00
202500293,20261025,当日09:00,当日18:00
202500407,20261025,当日09:00,当日18:00
202500256,20261026,当日16:30,当日21:30
202500290,20261026,当日16:30,当日21:30
202500292,20261027,当日16:30,当日21:30
202500236,20261028,当日16:30,当日21:30
202500290,20261028,当日16:30,当日21:30
202500238,20261029,当日17:30,当日21:30
202500256,20261029,当日16:30,当日21:30
202500433,20261029,当日17:30,当日21:30
202500236,20261030,当日17:00,当日21:30
202500290,20261030,当日16:30,当日21:30
202500236,20261031,当日08:00,当日17:00
202500256,20261031,当日08:00,当日17:00
202500407,20261031,当日08:00,当日12:00
